Product Name,Sales
Canon imageCLASS 2200 Advanced Copier,61599.82
Fellowes PB500 Electric Punch Plastic Comb Binding Machine,27453.38
Cisco TelePresence System EX90,22638.48
HON 5400 Series Task Chairs for Big and Tall,21870.58
GBC DocuBind TL300 Electric Binding System,19823.48
GBC Ibimaster 500 Manual Binding System,19024.5
HP Designjet T520 Inkjet Large Format Printer,18374.5
"3D Systems Cube Printer, 2nd Generation",17859.8
Lexmark MX611dhe Monochrome Laser Printer,17499.6
Samsung Galaxy Note 3,16999.99
